{
    "_id": "66eeef8b2a166b73d2066a7e",
    "working": true,
    "availableInRaid": false,
    "items_buy": {
        "category": [
            "5485a8684bdc2da71d8b4567",
            "543be6564bdc2df4348b4568"
        ],
        "id_list": []
    },
    "items_buy_prohibited": {
        "category": [],
        "id_list": []
    },
    "customization_seller": false,
    "name": "Mikhail",
    "surname": "Kozlov",
    "nickname": "Kaliber",
    "location": "War-torn outskirts of the Tarkov Region",
    "avatar": "/files/trader/avatar/Kaliber.jpg",
    "balance-rub": 5000000,
    "balance-dol": 0,
    "balance-eur": 0,
    "unlockedByDefault": true,
    "discount": 0,
    "discount_end": 0,
    "buyer-up": true,
    "currency": "RUB",
    "nextResupply": 1615141448,
    "repair": {
        "availability": false,
        "quality": "2",
        "excluded_id_list": [],
        "excluded_category": [],
        "currency": "5449016a4bdc2d6f028b456f",
        "currency_coefficient": 1,
        "price-rate": 10
    },
    "insurance": {
        "availability": false,
        "min_payment": 0,
        "min_return_hour": 0,
        "max_return_hour": 0,
        "max_storage_time": 99,
        "excluded_category": []
    },
    "gridHeight": 150,
    "loyaltyLevels": [{
            "minLevel": 1,
            "minSalesSum": 0,
            "minStanding": 0,
            "buy_price_coef": 38,
            "repair_price_coef": 175,
            "insurance_price_coef": 10,
            "exchange_price_coef": 0,
            "heal_price_coef": 0
        }
    ],
    "sell_category": [
        "5485a8684bdc2da71d8b4567",
        "543be6564bdc2df4348b4568"
    ]
}